'J0','面壁0','南京'
'J1','面壁1','广州'
'J2','古筝计划2','广州'
'J3','南京基地3','天津'
'J4','智子4','上海'
'J5','面壁5','广州'
'J6','古筝计划6','天津'
'J7','南京基地7','北京'
'J8','南京基地8','天津'
'J9','古筝计划9','北京'
'J10','智子10','广州'
'J11','古筝计划11','重庆'
'J12','智子12','南京'
'J13','智子13','南京'
'J14','智子14','重庆'
'J15','水滴15','南京'
'J16','智子16','上海'
'J17','古筝计划17','重庆'
'J18','水滴18','上海'
'J19','南京基地19','天津'
'J20','智子20','重庆'
'J21','面壁21','上海'
'J22','智子22','广州'
'J23','水滴23','北京'
'J24','南京基地24','北京'
'J25','古筝计划25','重庆'
'J26','古筝计划26','重庆'
'J27','南京基地27','天津'
'J28','面壁28','南京'
'J29','古筝计划29','南京'
'J30','智子30','广州'
'J31','南京基地31','重庆'
'J32','水滴32','北京'
'J33','水滴33','北京'
'J34','南京基地34','北京'
'J35','南京基地35','天津'
'J36','南京基地36','北京'
'J37','面壁37','广州'
'J38','智子38','上海'
'J39','面壁39','天津'
'J40','智子40','天津'
'J41','水滴41','重庆'
'J42','面壁42','重庆'
'J43','南京基地43','南京'
'J44','水滴44','北京'
'J45','面壁45','北京'
'J46','水滴46','天津'
'J47','面壁47','北京'
'J48','水滴48','南京'
'J49','南京基地49','广州'
'J50','水滴50','广州'
'J51','古筝计划51','广州'
'J52','古筝计划52','北京'
'J53','南京基地53','重庆'
'J54','古筝计划54','北京'
'J55','南京基地55','上海'
'J56','南京基地56','南京'
'J57','智子57','重庆'
'J58','水滴58','南京'
'J59','面壁59','上海'
'J60','南京基地60','重庆'
'J61','面壁61','广州'
'J62','古筝计划62','南京'
'J63','南京基地63','南京'
'J64','古筝计划64','北京'
'J65','古筝计划65','北京'
'J66','古筝计划66','南京'
'J67','面壁67','广州'
'J68','面壁68','重庆'
'J69','古筝计划69','上海'
'J70','智子70','广州'
'J71','古筝计划71','重庆'
'J72','智子72','天津'
'J73','古筝计划73','上海'
'J74','面壁74','南京'
'J75','古筝计划75','天津'
'J76','智子76','上海'
'J77','智子77','南京'
'J78','面壁78','上海'
'J79','面壁79','天津'
'J80','水滴80','广州'
'J81','水滴81','北京'
'J82','南京基地82','重庆'
'J83','智子83','上海'
'J84','智子84','天津'
'J85','智子85','上海'
'J86','面壁86','重庆'
'J87','古筝计划87','北京'
'J88','面壁88','重庆'
'J89','智子89','上海'
'J90','古筝计划90','广州'
'J91','南京基地91','北京'
'J92','水滴92','广州'
'J93','古筝计划93','北京'
'J94','古筝计划94','南京'
'J95','古筝计划95','北京'
'J96','南京基地96','天津'
'J97','智子97','广州'
'J98','智子98','天津'
'J99','水滴99','重庆'
'J100','面壁100','重庆'
'J101','水滴101','重庆'
'J102','水滴102','上海'
'J103','面壁103','上海'
'J104','智子104','北京'
'J105','面壁105','广州'
'J106','智子106','南京'
'J107','面壁107','重庆'
'J108','水滴108','南京'
'J109','面壁109','重庆'
'J110','面壁110','北京'
'J111','水滴111','广州'
'J112','智子112','广州'
'J113','面壁113','重庆'
'J114','古筝计划114','重庆'
'J115','水滴115','南京'
'J116','面壁116','上海'
'J117','智子117','南京'
'J118','南京基地118','天津'
'J119','水滴119','重庆'
'J120','水滴120','北京'
'J121','水滴121','北京'
'J122','水滴122','北京'
'J123','南京基地123','重庆'
'J124','面壁124','天津'
'J125','面壁125','上海'
'J126','水滴126','重庆'
'J127','面壁127','天津'
'J128','水滴128','北京'
'J129','古筝计划129','广州'
'J130','水滴130','上海'
'J131','面壁131','重庆'
'J132','南京基地132','天津'
'J133','面壁133','天津'
'J134','面壁134','重庆'
'J135','智子135','天津'
'J136','古筝计划136','广州'
'J137','面壁137','天津'
'J138','面壁138','北京'
'J139','南京基地139','北京'
'J140','古筝计划140','重庆'
'J141','南京基地141','上海'
'J142','智子142','上海'
'J143','面壁143','广州'
'J144','古筝计划144','天津'
'J145','古筝计划145','北京'
'J146','古筝计划146','广州'
'J147','智子147','广州'
'J148','水滴148','重庆'
'J149','水滴149','南京'
'J150','古筝计划150','重庆'
'J151','水滴151','上海'
'J152','南京基地152','重庆'
'J153','南京基地153','天津'
'J154','水滴154','重庆'
'J155','智子155','广州'
'J156','面壁156','上海'
'J157','智子157','上海'
'J158','智子158','天津'
'J159','南京基地159','天津'
'J160','面壁160','南京'
'J161','古筝计划161','广州'
'J162','水滴162','重庆'
'J163','古筝计划163','南京'
'J164','水滴164','广州'
'J165','智子165','天津'
'J166','古筝计划166','北京'
'J167','水滴167','北京'
'J168','南京基地168','天津'
'J169','面壁169','广州'
'J170','面壁170','广州'
'J171','智子171','天津'
'J172','水滴172','南京'
'J173','古筝计划173','广州'
'J174','水滴174','上海'
'J175','水滴175','上海'
'J176','古筝计划176','天津'
'J177','古筝计划177','广州'
'J178','南京基地178','重庆'
'J179','智子179','南京'
'J180','智子180','南京'
'J181','水滴181','北京'
'J182','智子182','上海'
'J183','面壁183','北京'
'J184','面壁184','南京'
'J185','智子185','天津'
'J186','面壁186','北京'
'J187','水滴187','南京'
'J188','古筝计划188','南京'
'J189','古筝计划189','广州'
'J190','智子190','广州'
'J191','面壁191','南京'
'J192','古筝计划192','南京'
'J193','智子193','上海'
'J194','水滴194','上海'
'J195','面壁195','南京'
'J196','南京基地196','上海'
'J197','智子197','上海'
'J198','面壁198','上海'
'J199','水滴199','北京'
'J200','古筝计划200','北京'
'J201','南京基地201','广州'
'J202','古筝计划202','广州'
'J203','水滴203','上海'
'J204','水滴204','广州'
'J205','南京基地205','上海'
'J206','智子206','天津'
'J207','智子207','广州'
'J208','古筝计划208','广州'
'J209','古筝计划209','南京'
'J210','水滴210','天津'
'J211','古筝计划211','重庆'
'J212','水滴212','北京'
'J213','智子213','广州'
'J214','智子214','广州'
'J215','古筝计划215','上海'
'J216','面壁216','南京'
'J217','古筝计划217','重庆'
'J218','水滴218','重庆'
'J219','智子219','广州'
'J220','水滴220','上海'
'J221','南京基地221','上海'
'J222','面壁222','南京'
'J223','水滴223','北京'
'J224','水滴224','广州'
'J225','南京基地225','南京'
'J226','面壁226','上海'
'J227','智子227','天津'
'J228','智子228','重庆'
'J229','南京基地229','上海'
'J230','面壁230','广州'
'J231','面壁231','上海'
'J232','面壁232','重庆'
'J233','智子233','南京'
'J234','古筝计划234','上海'
'J235','古筝计划235','广州'
'J236','南京基地236','北京'
'J237','水滴237','重庆'
'J238','智子238','天津'
'J239','面壁239','北京'
'J240','智子240','广州'
'J241','水滴241','天津'
'J242','水滴242','广州'
'J243','古筝计划243','天津'
'J244','南京基地244','上海'
'J245','南京基地245','天津'
'J246','古筝计划246','南京'
'J247','水滴247','上海'
'J248','面壁248','重庆'
'J249','古筝计划249','天津'
'J250','南京基地250','广州'
'J251','水滴251','天津'
'J252','水滴252','北京'
'J253','古筝计划253','重庆'
'J254','古筝计划254','重庆'
'J255','南京基地255','天津'
'J256','水滴256','北京'
'J257','古筝计划257','重庆'
'J258','南京基地258','重庆'
'J259','古筝计划259','重庆'
'J260','南京基地260','南京'
'J261','南京基地261','广州'
'J262','水滴262','天津'
'J263','南京基地263','北京'
'J264','水滴264','广州'
'J265','智子265','上海'
'J266','南京基地266','上海'
'J267','水滴267','天津'
'J268','面壁268','南京'
'J269','古筝计划269','北京'
'J270','古筝计划270','上海'
'J271','古筝计划271','广州'
'J272','水滴272','天津'
'J273','面壁273','南京'
'J274','面壁274','南京'
'J275','水滴275','北京'
'J276','面壁276','上海'
'J277','智子277','广州'
'J278','水滴278','上海'
'J279','南京基地279','北京'
'J280','面壁280','北京'
'J281','面壁281','重庆'
'J282','面壁282','重庆'
'J283','水滴283','上海'
'J284','古筝计划284','重庆'
'J285','水滴285','上海'
'J286','智子286','广州'
'J287','古筝计划287','天津'
'J288','古筝计划288','南京'
'J289','智子289','上海'
'J290','智子290','北京'
'J291','智子291','重庆'
'J292','面壁292','北京'
'J293','面壁293','重庆'
'J294','南京基地294','重庆'
'J295','南京基地295','北京'
'J296','古筝计划296','南京'
'J297','水滴297','广州'
'J298','智子298','重庆'
'J299','面壁299','南京'
'J300','智子300','天津'
'J301','水滴301','重庆'
'J302','面壁302','北京'
'J303','面壁303','南京'
'J304','古筝计划304','北京'
'J305','面壁305','南京'
'J306','智子306','北京'
'J307','水滴307','广州'
'J308','南京基地308','重庆'
'J309','智子309','上海'
'J310','南京基地310','北京'
'J311','南京基地311','重庆'
'J312','水滴312','天津'
'J313','南京基地313','上海'
'J314','水滴314','北京'
'J315','古筝计划315','上海'
'J316','古筝计划316','上海'
'J317','智子317','广州'
'J318','古筝计划318','重庆'
'J319','智子319','上海'
'J320','古筝计划320','南京'
'J321','古筝计划321','广州'
'J322','智子322','重庆'
'J323','南京基地323','重庆'
'J324','智子324','天津'
'J325','水滴325','广州'
'J326','面壁326','天津'
'J327','智子327','重庆'
'J328','面壁328','天津'
'J329','南京基地329','南京'
'J330','南京基地330','广州'
'J331','智子331','广州'
'J332','水滴332','天津'
'J333','智子333','天津'
'J334','南京基地334','北京'
'J335','南京基地335','上海'
'J336','南京基地336','天津'
'J337','南京基地337','南京'
'J338','南京基地338','广州'
'J339','古筝计划339','北京'
'J340','水滴340','南京'
'J341','智子341','上海'
'J342','水滴342','北京'
'J343','古筝计划343','上海'
'J344','水滴344','南京'
'J345','智子345','南京'
'J346','南京基地346','北京'
'J347','南京基地347','天津'
'J348','古筝计划348','上海'
'J349','智子349','重庆'
'J350','南京基地350','上海'
'J351','水滴351','天津'
'J352','古筝计划352','上海'
'J353','水滴353','广州'
'J354','古筝计划354','南京'
'J355','智子355','南京'
'J356','面壁356','重庆'
'J357','水滴357','北京'
'J358','水滴358','南京'
'J359','古筝计划359','上海'
'J360','古筝计划360','广州'
'J361','水滴361','广州'
'J362','水滴362','重庆'
'J363','南京基地363','南京'
'J364','智子364','广州'
'J365','古筝计划365','北京'
'J366','南京基地366','重庆'
'J367','古筝计划367','广州'
'J368','智子368','天津'
'J369','智子369','上海'
'J370','面壁370','天津'
'J371','水滴371','重庆'
'J372','古筝计划372','重庆'
'J373','智子373','上海'
'J374','古筝计划374','天津'
'J375','水滴375','广州'
'J376','古筝计划376','广州'
'J377','南京基地377','南京'
'J378','智子378','南京'
'J379','古筝计划379','广州'
'J380','面壁380','南京'
'J381','面壁381','北京'
'J382','智子382','重庆'
'J383','智子383','重庆'
'J384','智子384','广州'
'J385','南京基地385','天津'
'J386','水滴386','北京'
'J387','古筝计划387','广州'
'J388','古筝计划388','重庆'
'J389','智子389','重庆'
'J390','水滴390','上海'
'J391','古筝计划391','重庆'
'J392','面壁392','南京'
'J393','南京基地393','上海'
'J394','水滴394','北京'
'J395','水滴395','南京'
'J396','水滴396','上海'
'J397','南京基地397','广州'
'J398','面壁398','南京'
'J399','古筝计划399','上海'
'J400','古筝计划400','重庆'
'J401','古筝计划401','南京'
'J402','智子402','南京'
'J403','面壁403','天津'
'J404','古筝计划404','天津'
'J405','智子405','广州'
'J406','面壁406','重庆'
'J407','面壁407','北京'
'J408','南京基地408','北京'
'J409','水滴409','上海'
'J410','古筝计划410','广州'
'J411','古筝计划411','天津'
'J412','面壁412','南京'
'J413','水滴413','广州'
'J414','水滴414','广州'
'J415','智子415','天津'
'J416','水滴416','广州'
'J417','水滴417','广州'
'J418','面壁418','南京'
'J419','古筝计划419','重庆'
'J420','面壁420','上海'
'J421','面壁421','天津'
'J422','面壁422','重庆'
'J423','面壁423','天津'
'J424','智子424','重庆'
'J425','南京基地425','北京'
'J426','面壁426','南京'
'J427','水滴427','南京'
'J428','古筝计划428','南京'
'J429','古筝计划429','上海'
'J430','南京基地430','天津'
'J431','古筝计划431','南京'
'J432','古筝计划432','北京'
'J433','南京基地433','北京'
'J434','智子434','重庆'
'J435','南京基地435','北京'
'J436','智子436','南京'
'J437','古筝计划437','上海'
'J438','水滴438','南京'
'J439','面壁439','北京'
'J440','面壁440','南京'
'J441','南京基地441','广州'
'J442','面壁442','上海'
'J443','水滴443','天津'
'J444','面壁444','北京'
'J445','智子445','重庆'
'J446','智子446','天津'
'J447','智子447','上海'
'J448','南京基地448','上海'
'J449','古筝计划449','天津'
'J450','古筝计划450','天津'
'J451','智子451','重庆'
'J452','面壁452','广州'
'J453','南京基地453','重庆'
'J454','古筝计划454','上海'
'J455','水滴455','南京'
'J456','面壁456','重庆'
'J457','面壁457','广州'
'J458','智子458','上海'
'J459','南京基地459','广州'
'J460','古筝计划460','广州'
'J461','智子461','广州'
'J462','面壁462','天津'
'J463','面壁463','广州'
'J464','古筝计划464','天津'
'J465','面壁465','天津'
'J466','智子466','天津'
'J467','古筝计划467','天津'
'J468','智子468','上海'
'J469','面壁469','南京'
'J470','面壁470','重庆'
'J471','水滴471','广州'
'J472','古筝计划472','上海'
'J473','南京基地473','南京'
'J474','古筝计划474','天津'
'J475','古筝计划475','重庆'
'J476','面壁476','天津'
'J477','智子477','广州'
'J478','水滴478','重庆'
'J479','面壁479','北京'
'J480','水滴480','广州'
'J481','南京基地481','南京'
'J482','古筝计划482','广州'
'J483','古筝计划483','广州'
'J484','水滴484','上海'
'J485','面壁485','北京'
'J486','南京基地486','重庆'
'J487','智子487','广州'
'J488','面壁488','南京'
'J489','水滴489','北京'
'J490','水滴490','北京'
'J491','古筝计划491','北京'
'J492','面壁492','广州'
'J493','古筝计划493','北京'
'J494','南京基地494','天津'
'J495','智子495','重庆'
'J496','南京基地496','上海'
'J497','水滴497','北京'
'J498','智子498','天津'
'J499','面壁499','上海'
